{"cameraMode":{"drawMode":0,"name":"Shaded","section":"Shading Mode"},"sceneLighting":false,"audioPlay":false,"sceneViewState":{"m_AlwaysRefresh":false,"showFog":true,"showSkybox":false,"showFlares":true,"showImageEffects":true,"showParticleSystems":true,"showVisualEffectGraphs":true,"m_FxEnabled":true},"in2DMode":false,"pivot":{"x":1.111204743385315,"y":1.2727621793746949,"z":4.081357955932617},"rotation":{"x":0.00027450648485682905,"y":-0.9975128173828125,"z":0.07044120132923126,"w":0.0038884298410266639},"size":0.10679378360509873,"orthographic":false}