{"cameraMode":{"drawMode":0,"name":"Shaded","section":"Shading Mode"},"sceneLighting":false,"audioPlay":false,"sceneViewState":{"m_AlwaysRefresh":false,"showFog":true,"showSkybox":false,"showFlares":true,"showImageEffects":true,"showParticleSystems":true,"showVisualEffectGraphs":true,"m_FxEnabled":true},"in2DMode":false,"pivot":{"x":-0.00062551349401474,"y":0.21764355897903443,"z":0.0835762619972229},"rotation":{"x":-0.04345151409506798,"y":0.9530687928199768,"z":-0.16637735068798066,"w":-0.24935176968574525},"size":0.5368745923042297,"orthographic":false}