{"cameraMode":{"drawMode":0,"name":"Shaded","section":"Shading Mode"},"sceneLighting":false,"audioPlay":false,"sceneViewState":{"m_AlwaysRefresh":false,"showFog":true,"showSkybox":false,"showFlares":true,"showImageEffects":true,"showParticleSystems":true,"showVisualEffectGraphs":true,"m_FxEnabled":true},"in2DMode":false,"pivot":{"x":6.950225353240967,"y":0.5277093052864075,"z":3.0168421268463136},"rotation":{"x":-0.002849261276423931,"y":0.9824149012565613,"z":-0.015041511505842209,"w":-0.1860859990119934},"size":0.2660253643989563,"orthographic":false}