{"cameraMode":{"drawMode":0,"name":"Shaded","section":"Shading Mode"},"sceneLighting":false,"audioPlay":false,"sceneViewState":{"m_AlwaysRefresh":false,"showFog":true,"showSkybox":false,"showFlares":true,"showImageEffects":true,"showParticleSystems":true,"showVisualEffectGraphs":true,"m_FxEnabled":true},"in2DMode":false,"pivot":{"x":-0.02804526686668396,"y":0.14887532591819764,"z":0.00824439525604248},"rotation":{"x":-0.002326339017599821,"y":0.9464071393013,"z":-0.3229087293148041,"w":-0.0068726735189557079},"size":0.4421657919883728,"orthographic":false}