{"cameraMode":{"drawMode":0,"name":"Shaded","section":"Shading Mode"},"sceneLighting":false,"audioPlay":false,"sceneViewState":{"m_AlwaysRefresh":false,"showFog":true,"showSkybox":false,"showFlares":true,"showImageEffects":true,"showParticleSystems":true,"showVisualEffectGraphs":true,"m_FxEnabled":true},"in2DMode":false,"pivot":{"x":-0.08055996894836426,"y":0.5910178422927856,"z":-0.06605339050292969},"rotation":{"x":-0.002326339017599821,"y":0.9464071393013,"z":-0.3229087293148041,"w":-0.0068726735189557079},"size":1.4498977661132813,"orthographic":false}