{"cameraMode":{"drawMode":0,"name":"Shaded","section":"Shading Mode"},"sceneLighting":false,"audioPlay":false,"sceneViewState":{"m_AlwaysRefresh":false,"showFog":true,"showSkybox":false,"showFlares":true,"showImageEffects":true,"showParticleSystems":true,"showVisualEffectGraphs":true,"m_FxEnabled":true},"in2DMode":false,"pivot":{"x":4.223720550537109,"y":0.40971338748931887,"z":1.4395164251327515},"rotation":{"x":-0.3590073585510254,"y":-0.23694248497486115,"z":0.09473621845245362,"w":-0.8977885842323303},"size":0.40960419178009035,"orthographic":false}