{"cameraMode":{"drawMode":0,"name":"Shaded","section":"Shading Mode"},"sceneLighting":false,"audioPlay":false,"sceneViewState":{"m_AlwaysRefresh":false,"showFog":true,"showSkybox":false,"showFlares":true,"showImageEffects":true,"showParticleSystems":true,"showVisualEffectGraphs":true,"m_FxEnabled":true},"in2DMode":false,"pivot":{"x":0.0051307459361851219,"y":0.051721181720495227,"z":0.00022634030028712004},"rotation":{"x":-0.26302745938301089,"y":0.36421477794647219,"z":-0.1079833060503006,"w":-0.8868504762649536},"size":0.4494072198867798,"orthographic":false}