{"cameraMode":{"drawMode":0,"name":"Shaded","section":"Shading Mode"},"sceneLighting":false,"audioPlay":false,"sceneViewState":{"m_AlwaysRefresh":false,"showFog":true,"showSkybox":false,"showFlares":true,"showImageEffects":true,"showParticleSystems":true,"showVisualEffectGraphs":true,"m_FxEnabled":true},"in2DMode":false,"pivot":{"x":5.319879531860352,"y":0.49477094411849978,"z":4.206253528594971},"rotation":{"x":0.024795204401016237,"y":-0.9088653326034546,"z":0.054597463458776477,"w":0.4127575159072876},"size":0.8598106503486633,"orthographic":false}