{"cameraMode":{"drawMode":0,"name":"Shaded","section":"Shading Mode"},"sceneLighting":false,"audioPlay":false,"sceneViewState":{"m_AlwaysRefresh":false,"showFog":true,"showSkybox":false,"showFlares":true,"showImageEffects":true,"showParticleSystems":true,"showVisualEffectGraphs":true,"m_FxEnabled":true},"in2DMode":false,"pivot":{"x":138.46173095703126,"y":29.866056442260743,"z":96.18697357177735},"rotation":{"x":0.009124779142439366,"y":-0.19634297490119935,"z":0.0018443597946316004,"w":0.9805027842521668},"size":20.5327091217041,"orthographic":false}