{"cameraMode":{"drawMode":0,"name":"Shaded","section":"Shading Mode"},"sceneLighting":false,"audioPlay":false,"sceneViewState":{"m_AlwaysRefresh":false,"showFog":true,"showSkybox":false,"showFlares":true,"showImageEffects":true,"showParticleSystems":true,"showVisualEffectGraphs":true,"m_FxEnabled":true},"in2DMode":false,"pivot":{"x":5.284361362457275,"y":0.21738791465759278,"z":4.540327548980713},"rotation":{"x":-0.34234344959259035,"y":-0.04538721591234207,"z":0.016400044783949853,"w":-0.9383885860443115},"size":2.9346723556518556,"orthographic":false}