{"cameraMode":{"drawMode":0,"name":"Shaded","section":"Shading Mode"},"sceneLighting":false,"audioPlay":false,"sceneViewState":{"m_AlwaysRefresh":false,"showFog":true,"showSkybox":false,"showFlares":true,"showImageEffects":true,"showParticleSystems":true,"showVisualEffectGraphs":true,"m_FxEnabled":true},"in2DMode":false,"pivot":{"x":-0.012243807315826416,"y":0.0667879730463028,"z":-0.013135313987731934},"rotation":{"x":-0.002326339017599821,"y":0.9464071393013,"z":-0.3229087293148041,"w":-0.0068726735189557079},"size":0.9359949827194214,"orthographic":false}