{"cameraMode":{"drawMode":0,"name":"Shaded","section":"Shading Mode"},"sceneLighting":false,"audioPlay":false,"sceneViewState":{"m_AlwaysRefresh":false,"showFog":true,"showSkybox":false,"showFlares":true,"showImageEffects":true,"showParticleSystems":true,"showVisualEffectGraphs":true,"m_FxEnabled":true},"in2DMode":false,"pivot":{"x":-0.1694655865430832,"y":0.18648876249790193,"z":0.3636217713356018},"rotation":{"x":0.027364365756511689,"y":0.9564078450202942,"z":-0.09529975801706314,"w":0.2748933434486389},"size":0.07559752464294434,"orthographic":false}