{"cameraMode":{"drawMode":0,"name":"Shaded","section":"Shading Mode"},"sceneLighting":false,"audioPlay":false,"sceneViewState":{"m_AlwaysRefresh":false,"showFog":true,"showSkybox":false,"showFlares":true,"showImageEffects":true,"showParticleSystems":true,"showVisualEffectGraphs":true,"m_FxEnabled":true},"in2DMode":false,"pivot":{"x":-0.1380939483642578,"y":-0.006046414375305176,"z":-0.2550269365310669},"rotation":{"x":0.12690351903438569,"y":0.8437244296073914,"z":-0.22835713624954225,"w":0.468963086605072},"size":1.7660253047943116,"orthographic":false}