{"cameraMode":{"drawMode":0,"name":"Shaded","section":"Shading Mode"},"sceneLighting":false,"audioPlay":false,"sceneViewState":{"m_AlwaysRefresh":false,"showFog":true,"showSkybox":false,"showFlares":true,"showImageEffects":true,"showParticleSystems":true,"showVisualEffectGraphs":true,"m_FxEnabled":true},"in2DMode":false,"pivot":{"x":0.6542243957519531,"y":11.483379364013672,"z":-22.12329864501953},"rotation":{"x":0.054748620837926868,"y":0.9321603775024414,"z":0.32053112983703616,"w":-0.1592452973127365},"size":35.80562210083008,"orthographic":false}